state,data_source,has_placer_data,match_score,match_type,match_details,regulator_name,regulator_address,regulator_city,regulator_zip,regulator_county,placer_name,placer_address,placer_city,placer_zip,latitude,longitude,visits,sq_ft,visits_per_sq_ft,chain_name,chain_id,opening_date,operational_date,product_available,applicant_name,permit_number,region,license_type,dispensary_id,census_state_fips,census_county_fips,census_tract_fips,census_geoid,census_tract_name,total_population,median_age,median_household_income,per_capita_income,total_pop_25_plus,bachelors_degree,masters_degree,professional_degree,doctorate_degree,pop_1mi,pop_3mi,pop_5mi,pop_10mi,pop_20mi,pct_bachelor_plus,population_density,census_tract_error,census_data_complete,census_api_error,census_collection_date
PA,regulator_with_placer,True,100.0,exact,addr:100|city:100|zip:100,Ascend Dispensary - Scranton,605 Davis Street,Scranton,18505,,Ascend Cannabis,605 Davis St,Scranton,18505,41.37734603881836,-75.6918716430664,394345.0,11591.83658896589,34.01919937133789,Ascend Cannabis,63d03f601011db3834270ead,10/19/22,10/19/22,Yes,,,,,PA_0000,42,069,103100,42069103100,1031,1979.0,41.3,67723.0,35244.0,1428.0,319.0,95.0,33.0,5.0,829.2244335767114,5669.2358760244715,12993.211250942788,61773.472623560316,133447.41387915117,31.652661064425768,270.51669730978756,False,True,False,2025-10-22
PA,regulator_with_placer,True,100.0,exact,addr:100|city:100|zip:100,Organic Remedies - Enola,4425 Valley Road,Enola,17025,,Organic Remedies Dispensary,4425 Valley Rd,Enola,17025,40.28966522216797,-76.9726333618164,270651.0,5073.938802820085,53.341400146484375,,,2/16/18,2/16/18,Yes,,,,,PA_0001,42,041,011301,42041011301,113.01,5627.0,40.3,109512.0,64565.0,3904.0,1097.0,901.0,204.0,88.0,295.0956229094388,2999.773800004018,9022.571177344531,39249.52513815378,161696.76422260836,58.6577868852459,94.08337800110783,False,True,False,2025-10-22
PA,regulator_with_placer,True,94.2,exact,addr:100|city:77|zip:100,RISE - Steelton,801 South Front Street,Steelton,17113,,RISE Cannabis,801 S Front St,Elton,17113,40.225128173828125,-76.82743072509766,221148.0,6035.402203004384,36.64179992675781,RISE Cannabis,633415c5c0a23d43dd5c7656,5/3/18,5/3/18,Yes,,,,,PA_0002,42,043,023400,42043023400,234,1592.0,42.3,59554.0,43120.0,1206.0,153.0,84.0,0.0,0.0,386.21485086474183,5050.2461747894795,13383.287207888172,52880.90513995999,212791.760270937,19.65174129353234,99.40865560735178,False,True,False,2025-10-22
PA,regulator_with_placer,True,100.0,exact,addr:100|city:100|zip:100,Organic Remedies - Chambersburg,900 Wayne Avenue,Chambersburg,17201,,Organic Remedies Dispensary,900 Wayne Ave,Chambersburg,17201,39.915191650390625,-77.65483856201172,218609.0,3309.72021663819,66.05059814453125,,,3/20/18,3/20/18,Yes,,,,,PA_0003,42,055,010800,42055010800,108,3837.0,51.9,51232.0,42719.0,2996.0,601.0,283.0,119.0,98.0,736.5497288496292,5352.978242070553,12147.248659704186,30053.336781665224,55269.55986539866,36.748998664886514,234.82925931856687,False,True,False,2025-10-22
PA,regulator_with_placer,True,100.0,exact,addr:100|city:100|zip:100,Verilife - Williamsport,2300 E. 3rd Street,Williamsport,17701,,Verilife,2300 E 3rd St,Williamsport,17701,41.247108459472656,-76.95706939697266,217337.0,6893.612863152501,31.527299880981445,Verilife,66b3d1fae1fdc11b8321b525,4/12/21,4/12/21,Yes,,,,,PA_0004,42,081,011100,42081011100,111,5771.0,51.0,57028.0,35688.0,4261.0,1036.0,363.0,125.0,48.0,479.19296291463104,3293.137773050786,7507.832047935649,30410.270296552106,59508.722828803446,36.89274818117813,152.77791049853988,False,True,False,2025-10-22
PA,regulator_with_placer,True,98.8,fuzzy,addr:98|city:100|zip:100,Bloc Dispensary - Edwardsville,7B Gateway Shopping Center,Edwardsville,18704,,Justice Grown Edwardsville,7 Gateway Shopping Center,Edwardsville,18704,41.25727844238281,-75.89913940429688,217266.0,1861.539161366728,116.71309661865234,,,3/20/18,3/20/18,Yes,,,,,PA_0005,42,079,213200,42079213200,2132,4917.0,37.9,50046.0,26491.0,3114.0,377.0,116.0,15.0,0.0,1631.5040477102775,13390.5320856212,33339.54710051027,88360.12116936424,138781.85943816896,16.313423249839435,369.4338054434072,False,True,False,2025-10-22
PA,regulator_with_placer,True,88.6,fuzzy,addr:81|city:100|zip:100,Trulieve - Camp Hill,3401 Hartzdale Drive,Camp Hill,17011,,Trulieve,"3401 Hartzdale Dr, Ste 124",Camp Hill,17011,40.22386169433594,-76.92608642578125,216882.0,5178.727693469551,41.879398345947266,Trulieve,600018e779364106f1345643,10/14/20,10/14/20,Yes,,,,,PA_0006,42,041,011101,42041011101,111.01,4898.0,40.4,102398.0,63870.0,3732.0,1421.0,679.0,103.0,9.0,543.3287552858634,6627.495248824624,18698.5769139384,66399.84503831906,224823.9449522726,59.27116827438371,90.05617166267439,False,True,False,2025-10-22
PA,regulator_with_placer,True,100.0,exact,addr:100|city:100|zip:100,Organic Remedies - North Pittsburgh,7402 McKnight Road,Pittsburgh,15237,,Organic Remedies Dispensary,7402 Mcknight Rd,Pittsburgh,15237,40.54077911376953,-80.01173400878906,213653.0,5940.531317908785,35.965301513671875,,,11/26/21,11/26/21,Yes,,,,,PA_0007,42,003,429201,42003429201,4292.01,4954.0,43.5,116392.0,64170.0,3778.0,1429.0,686.0,179.0,74.0,802.3092480819154,7320.2887346040725,20092.505082569303,70044.59011593446,246113.69979993626,62.67866596082583,254.19149666580265,False,True,False,2025-10-22
PA,regulator_with_placer,True,100.0,exact,addr:100|city:100|zip:100,Trulieve - Pittsburgh Squirrel Hill,5600 Forward Avenue,Pittsburgh,15217,,Trulieve,5600 Forward Ave,Pittsburgh,15217,40.427467346191406,-79.92692565917969,196173.0,7402.671065754634,26.50029945373535,Trulieve,600018e779364106f1345643,2/16/18,2/16/18,Yes,,,,,PA_0008,42,003,141400,42003141400,1414,5455.0,44.1,111637.0,69129.0,4085.0,971.0,776.0,564.0,598.0,2888.7272270611625,20529.113719408495,41944.089337535144,172241.6170909988,463877.567553265,71.21175030599755,612.3529403372384,False,True,False,2025-10-22
PA,regulator_with_placer,True,97.0,fuzzy,addr:95|city:100|zip:100,Trulieve - Washington,"200 Adios Drive, Suite 20",Washington,15301,,Trulieve,200 Adios Dr Ste 20,Washington,15301,40.21643829345703,-80.20086669921875,195455.0,6098.154834477253,32.05149841308594,Trulieve,600018e779364106f1345643,2/14/20,2/14/20,Yes,,,,,PA_0009,42,125,745101,42125745101,7451.01,3994.0,39.4,102708.0,55606.0,2953.0,1039.0,296.0,92.0,96.0,298.83327779740983,2134.609162738833,5183.824507654539,20940.913962902814,78734.63924320947,51.57466982729427,106.53883973298302,False,True,False,2025-10-22
PA,regulator_with_placer,True,100.0,exact,addr:100|city:100|zip:100,Ayr Wellness - Indiana,2244 Oakland Ave,Indiana,15701,,AYR Wellness,2244 Oakland Ave,Indiana,15701,40.60807800292969,-79.18064880371094,192947.0,5212.332742882776,37.01739883422851,Ayr Wellness,61aca58b2812db3a0e8bd64e,7/30/22,7/30/22,Yes,,,,,PA_0010,,,,,,,,,,,,,,,,,,,,,,,,,2025-10-22
PA,regulator_with_placer,True,85.0,fuzzy,addr:100|city:100|zip:0,RISE - Carlisle,1186 Harrisburg Pike,Carlisle,17103,,RISE Cannabis,1186 Harrisburg Pike,Carlisle,17013,40.233154296875,-77.14141082763672,191108.0,3813.861115960061,50.10879898071289,RISE Cannabis,633415c5c0a23d43dd5c7656,7/12/23,7/12/23,Yes,,,,,PA_0011,,,,,,,,,,,,,,,,,,,,,,,,,2025-10-22
PA,regulator_with_placer,True,93.4,fuzzy,addr:89|city:100|zip:100,Trulieve - Reading,3225 N. 5th Street Highway,Reading,19605,,Trulieve,3225 N 5th Street Hwy,Reading,19605,40.38343811035156,-75.92706298828125,189813.0,1614.954244313474,117.53459930419922,Trulieve,600018e779364106f1345643,10/4/18,10/4/18,Yes,,,,,PA_0012,,,,,,,,,,,,,,,,,,,,,,,,,2025-10-22
PA,regulator_with_placer,True,100.0,exact,addr:100|city:100|zip:100,Bloc dispensary - Dickson City,272 Main Street,Dickson City,18519,,Justice Grown,272 Main St,Dickson City,18519,41.452449798583984,-75.63473510742188,183549.0,2435.212063392898,75.3729019165039,,,7/26/19,8/2/19,Yes,,,,,PA_0013,,,,,,,,,,,,,,,,,,,,,,,,,2025-10-22
PA,regulator_with_placer,True,96.4,fuzzy,addr:94|city:100|zip:100,Sunnyside - Washington,360 Washington Rd,Washington,15301,,Sunnyside,380 Washington Rd,Washington,15301,40.18606948852539,-80.22074890136719,180082.0,5080.933531702574,35.44269943237305,Sunnyside,61ed699b873a701e0aea037b,6/27/23,6/27/23,Yes,,,,,PA_0014,,,,,,,,,,,,,,,,,,,,,,,,,2025-10-22
PA,regulator_with_placer,True,100.0,exact,addr:100|city:100|zip:100,Trulieve - Lancaster,201 Lancaster Ave,Reading,19611,,Trulieve,201 Lancaster Ave,Reading,19611,40.32242965698242,-75.93456268310547,178565.0,5097.83723096945,35.0275993347168,Trulieve,600018e779364106f1345643,9/25/19,9/25/19,Yes,,,,,PA_0015,,,,,,,,,,,,,,,,,,,,,,,,,2025-10-22
PA,regulator_with_placer,True,88.6,fuzzy,addr:81|city:100|zip:100,Ethos - Pittsburgh South (Pleasant Hills),560 Clairton Boulevard,Pittsburgh,15236,,Ethos Cannabis Dispensary,560 Clairton Blvd Suite A,Pittsburgh,15236,40.33127212524414,-79.94615173339844,178248.0,4530.039695421413,39.347999572753906,,,5/19/21,5/19/21,Yes,,,,,PA_0016,,,,,,,,,,,,,,,,,,,,,,,,,2025-10-22
PA,regulator_with_placer,True,95.8,exact,addr:100|city:83|zip:100,Sunnyside - Butler County,201 Pillow Street,Bulter,16001,,Sunnyside,201 Pillow St,Butler,16001,40.86027145385742,-79.90584564208984,177146.0,4143.290995553956,42.75490188598633,Sunnyside,61ed699b873a701e0aea037b,2/15/18,2/15/18,Yes,,,,,PA_0017,,,,,,,,,,,,,,,,,,,,,,,,,2025-10-22
PA,regulator_with_placer,True,87.4,fuzzy,addr:79|city:100|zip:100,Sunnyside - Wyomissing,"208 N. Park Rd., Unit 1",Wyomissing,19610,,Sunnyside,208 N Park Rd,Wyomissing,19610,40.33961868286133,-75.9573974609375,174884.0,7323.757365186219,23.878999710083008,Sunnyside,61ed699b873a701e0aea037b,10/22/21,10/22/21,Yes,,,,,PA_0018,,,,,,,,,,,,,,,,,,,,,,,,,2025-10-22
PA,regulator_with_placer,True,100.0,exact,addr:100|city:100|zip:100,Fluent Care - Hanover,648 Frederick Street,Hanover,17331,,FLUENT Cannabis Care,648 Frederick St,Hanover,17331,39.79085159301758,-76.9945068359375,174879.0,5443.924716617375,32.12369918823242,FLUENT Cannabis Care,61ed5ba8873a7018afea0377,6/5/18,6/5/18,Yes,,,,,PA_0019,,,,,,,,,,,,,,,,,,,,,,,,,2025-10-22
PA,regulator_with_placer,True,100.0,exact,addr:100|city:100|zip:100,Curaleaf - Harrisburg,7040 Jonestown Road,Harrisburg,17112,,Curaleaf,7040 Jonestown Rd,Harrisburg,17112,40.32982635498047,-76.75308227539062,171511.0,4125.181078434683,41.57659912109375,Curaleaf,60a391b56b7a694c7c956ebe,1/29/21,1/29/21,Yes,,,,,PA_0020,,,,,,,,,,,,,,,,,,,,,,,,,2025-10-22
PA,regulator_with_placer,True,100.0,exact,addr:100|city:100|zip:100,RISE - Duncansville,370 Pound Lane,Duncansville,16635,,RISE Cannabis,370 Pound Ln,Duncansville,16635,40.45012283325195,-78.40827941894531,168450.0,6829.543245178386,24.664899826049805,RISE Cannabis,633415c5c0a23d43dd5c7656,6/30/20,6/30/20,Yes,,,,,PA_0021,,,,,,,,,,,,,,,,,,,,,,,,,2025-10-22
PA,regulator_with_placer,True,100.0,exact,addr:100|city:100|zip:100,Curaleaf - DuBois,1222 South Brady Street,DuBois,15801,,Curaleaf,1222 S Brady St,Dubois,15801,41.09845352172851,-78.77092742919922,168409.0,2848.726083073083,59.11730194091797,Curaleaf,60a391b56b7a694c7c956ebe,10/15/18,10/15/18,Yes,,,,,PA_0022,,,,,,,,,,,,,,,,,,,,,,,,,2025-10-22
PA,regulator_with_placer,True,100.0,exact,addr:100|city:100|zip:100,Ascend Dispensary - Monaca,1451 Old BrodHead Rd,Monaca,15061,,Ascend Cannabis,1451 Old Brodhead Rd,Monaca,15061,40.67057418823242,-80.31151580810547,162415.0,8090.814228095302,20.073999404907227,Ascend Cannabis,63d03f601011db3834270ead,3/13/24,3/13/24,Yes,,,,,PA_0023,,,,,,,,,,,,,,,,,,,,,,,,,2025-10-22
PA,regulator_with_placer,True,100.0,exact,addr:100|city:100|zip:100,Harvest of Whitehall,1809 MacArthur Rd,Whitehall,18052,,Trulieve,1809 Macarthur Rd,Whitehall,18052,40.63152313232422,-75.48515319824219,158064.0,2919.256051592991,54.145301818847656,Trulieve,600018e779364106f1345643,2/9/21,3/11/21,Yes,,,,,PA_0024,,,,,,,,,,,,,,,,,,,,,,,,,2025-10-22
PA,regulator_with_placer,True,100.0,exact,addr:100|city:100|zip:100,Curaleaf - Morton,409 Baltimore Pike,Morton,19070,,Curaleaf,409 Baltimore Pike,Morton,19070,39.917510986328125,-75.33131408691406,157310.0,4119.63755309277,38.18539810180664,Curaleaf,60a391b56b7a694c7c956ebe,5/6/19,5/6/19,Yes,,,,,PA_0025,,,,,,,,,,,,,,,,,,,,,,,,,2025-10-22
PA,regulator_with_placer,True,100.0,exact,addr:100|city:100|zip:100,Fluent Care - Annville,1015 East Main Street,Annville,17003,,FLUENT Cannabis Care,1015 E Main St,Annville,17003,40.33338165283203,-76.49768829345703,156295.0,4279.8853872504915,36.51850128173828,FLUENT Cannabis Care,61ed5ba8873a7018afea0377,4/20/22,4/20/22,Yes,,,,,PA_0026,,,,,,,,,,,,,,,,,,,,,,,,,2025-10-22
PA,regulator_with_placer,True,100.0,exact,addr:100|city:100|zip:100,Curaleaf - Altoona,514 E Pleasant Valley Blvd,Altoona,16602,,Curaleaf,514 E Pleasant Valley Blvd,Altoona,16602,40.52165603637695,-78.36946105957031,154698.0,2885.63454312073,53.60969924926758,Curaleaf,60a391b56b7a694c7c956ebe,11/12/18,11/12/18,Yes,,,,,PA_0027,,,,,,,,,,,,,,,,,,,,,,,,,2025-10-22
PA,regulator_with_placer,True,94.0,fuzzy,addr:90|city:100|zip:100,Apothecarium Dispensary - Thorndale,2701 Lincoln Highway East,Thorndale,19372,,The Apothecarium Dispensary,2701 Lincoln Hwy E,Thorndale,19372,39.99207305908203,-75.77265930175781,154302.0,4609.346001016921,33.47589874267578,The Apothecarium Dispensary,6723702bd35a891b0b1d996b,7/6/20,7/6/20,Yes,,,,,PA_0028,,,,,,,,,,,,,,,,,,,,,,,,,2025-10-22
PA,regulator_with_placer,True,94.6,fuzzy,addr:91|city:100|zip:100,Ethos - Allentown,2733 W. Emmaus Avenue,Allentown,18103,,Ethos - Allentown Cannabis Dispensary,2733 W Emaus Ave #1,Allentown,18103,40.56126022338867,-75.4776611328125,150230.0,3740.982307372183,40.157901763916016,,,6/7/18,6/12/18,Yes,,,,,PA_0029,,,,,,,,,,,,,,,,,,,,,,,,,2025-10-22
PA,regulator_with_placer,True,96.4,fuzzy,addr:94|city:100|zip:100,Ethos - Hazleton,113 Woodbine Street #2,Hazleton,18202,,Ethos Dispensary,113 Woodbine St,Hazleton,18202,40.98073959350586,-76.02937316894531,146519.0,3675.563901707259,39.862998962402344,,,12/18/20,12/18/20,Yes,,,,,PA_0030,,,,,,,,,,,,,,,,,,,,,,,,,2025-10-22
PA,regulator_with_placer,True,100.0,exact,addr:100|city:100|zip:100,RISE - Erie Peach,1950 Rotunda Drive,Erie,16509,,RISE Cannabis,1950 Rotunda Dr,Erie,16509,42.05940246582031,-80.08942413330078,145965.0,9750.566050573234,14.969900131225586,RISE Cannabis,633415c5c0a23d43dd5c7656,2/3/21,2/3/21,Yes,,,,,PA_0031,,,,,,,,,,,,,,,,,,,,,,,,,2025-10-22
PA,regulator_with_placer,True,100.0,exact,addr:100|city:100|zip:100,Curaleaf - Lancaster,1440 Manheim Pike,Lancaster,17601,,Curaleaf,1440 Manheim Pike,Lancaster,17601,40.07123947143555,-76.33386993408203,145951.0,3476.0748361069273,41.987300872802734,Curaleaf,60a391b56b7a694c7c956ebe,6/16/22,6/16/22,Yes,,,,,PA_0032,,,,,,,,,,,,,,,,,,,,,,,,,2025-10-22
PA,regulator_with_placer,True,100.0,exact,addr:100|city:100|zip:100,RISE - Meadville,18914 Park Avenue Plaza,Meadville,16335,,RISE Cannabis,18914 Park Avenue Plaza,Meadville,16335,41.62309265136719,-80.16030883789062,144736.0,4000.431232943036,36.18009948730469,RISE Cannabis,633415c5c0a23d43dd5c7656,3/31/21,3/31/21,Yes,,,,,PA_0033,,,,,,,,,,,,,,,,,,,,,,,,,2025-10-22
PA,regulator_with_placer,True,100.0,exact,addr:100|city:100|zip:100,Apothecarium Dispensary - Stroudsburg,1523 N 9th Street,Stroudsburg,18360,,The Apothecarium Dispensary,1523 N 9th St,Stroudsburg,18360,40.992977142333984,-75.2460708618164,143983.0,6687.552039387944,21.530000686645508,The Apothecarium Dispensary,6723702bd35a891b0b1d996b,6/18/20,6/18/20,Yes,,,,,PA_0034,,,,,,,,,,,,,,,,,,,,,,,,,2025-10-22
PA,regulator_with_placer,True,93.4,fuzzy,addr:89|city:100|zip:100,Beyond Hello - Irwin,9337 Lincoln Highway,Irwin,15642,,BEYOND / HELLO,9337 Lincoln Hwy,Irwin,15642,40.32278060913086,-79.69686889648438,142096.0,3711.667673460733,38.283599853515625,BEYOND / HELLO,628e1f814a12fa1077e4d16d,3/12/21,3/12/21,Yes,,,,,PA_0035,,,,,,,,,,,,,,,,,,,,,,,,,2025-10-22
PA,regulator_with_placer,True,100.0,exact,addr:100|city:100|zip:100,Beyond Hello - Scranton,1137 Moosic Street,Scranton,18505,,BEYOND / HELLO,1137 Moosic St,Scranton,18505,41.39683151245117,-75.648193359375,140266.0,2687.587540842024,52.19029998779297,BEYOND / HELLO,628e1f814a12fa1077e4d16d,7/31/19,7/31/19,Yes,,,,,PA_0036,,,,,,,,,,,,,,,,,,,,,,,,,2025-10-22
PA,regulator_with_placer,True,100.0,exact,addr:100|city:100|zip:100,Ethos - Pittsburgh North of Harmarville (Har,5 Alpha Drive East,Pittsburgh,15238,,Ethos Cannabis Dispensary,5 Alpha Dr E,Pittsburgh,15238,40.540069580078125,-79.83035278320312,137507.0,8696.149931760212,15.812399864196776,,,4/28/22,4/28/22,Yes,,,,,PA_0037,,,,,,,,,,,,,,,,,,,,,,,,,2025-10-22
PA,regulator_with_placer,True,91.6,fuzzy,addr:86|city:100|zip:100,Vytal Options - Harrisburg,4711 Queen Avenue Suite 101,Harrisburg,17109,,Vytal Options,4711 Queen Ave #101,Harrisburg,17109,40.30261993408203,-76.8089599609375,136862.0,3890.8551646384326,35.17530059814453,,,7/1/20,7/1/20,Yes,,,,,PA_0038,,,,,,,,,,,,,,,,,,,,,,,,,2025-10-22
PA,regulator_with_placer,True,100.0,exact,addr:100|city:100|zip:100,Restore Integrative Wellness Center - East Pe,5471 Main Street,East Petersburg,17520,,Restore Dispensaries Lancaster,5471 Main St,East Petersburg,17520,40.09306335449219,-76.34947204589844,136763.0,3495.370217966825,39.12689971923828,,,6/7/21,6/7/21,Yes,,,,,PA_0039,,,,,,,,,,,,,,,,,,,,,,,,,2025-10-22
PA,regulator_with_placer,True,100.0,exact,addr:100|city:100|zip:100,Zen Leaf - York,890 Loucks Road,York,17404,,Zen Leaf,890 Loucks Rd,York,17404,39.9798469543457,-76.75189971923828,136080.0,2379.7406795497454,57.18270111083984,Zen Leaf,6339460fbe9a4e5069dfcd70,12/16/20,12/16/20,Yes,,,,,PA_0040,,,,,,,,,,,,,,,,,,,,,,,,,2025-10-22
PA,regulator_with_placer,True,100.0,exact,addr:100|city:100|zip:100,RISE - Latrobe,117 Beatty County Rd,Latrobe,15650,,RISE Cannabis,117 Beatty County Rd,Latrobe,15650,40.28691864013672,-79.43696594238281,135396.0,5332.272638826208,25.391799926757812,RISE Cannabis,633415c5c0a23d43dd5c7656,6/20/19,6/20/19,Yes,,,,,PA_0041,,,,,,,,,,,,,,,,,,,,,,,,,2025-10-22
PA,regulator_with_placer,True,100.0,exact,addr:100|city:100|zip:100,Apothecarium Dispensary - Bethlehem,1309 Stefko Boulevard,Bethlehem,18017,,The Apothecarium Dispensary,1309 Stefko Blvd,Bethlehem,18017,40.631893157958984,-75.35530090332031,133828.0,4928.572815854508,27.153499603271484,The Apothecarium Dispensary,6723702bd35a891b0b1d996b,2/16/18,2/16/18,Yes,,,,,PA_0042,,,,,,,,,,,,,,,,,,,,,,,,,2025-10-22
PA,regulator_with_placer,True,88.0,fuzzy,addr:80|city:100|zip:100,Verilife - Lancaster,2359 Lincoln Highway East,Lancaster,17602,,Verilife,2359 E Lincoln Hwy,Lancaster,17602,40.025394439697266,-76.20530700683594,133690.0,9363.881040128374,14.277199745178224,Verilife,66b3d1fae1fdc11b8321b525,11/23/21,11/23/21,Yes,,,,,PA_0043,,,,,,,,,,,,,,,,,,,,,,,,,2025-10-22
PA,regulator_with_placer,True,100.0,exact,addr:100|city:100|zip:100,Beyond Hello - Reading,300 Cherry Street,Reading,19602,,BEYOND / HELLO,300 Cherry St,Reading,19602,40.33430099487305,-75.93101501464844,128411.0,4201.9718763177125,30.55970001220703,BEYOND / HELLO,628e1f814a12fa1077e4d16d,7/13/20,7/13/20,Yes,,,,,PA_0044,,,,,,,,,,,,,,,,,,,,,,,,,2025-10-22
PA,regulator_with_placer,True,100.0,exact,addr:100|city:100|zip:100,Sunnyside - Altoona,534 W Plank Rd,Altoona,16602,,Sunnyside,534 W Plank Rd,Altoona,16602,40.470802307128906,-78.40721130371094,124868.0,8323.090821737922,15.002599716186523,Sunnyside,61ed699b873a701e0aea037b,10/5/23,10/5/23,Yes,,,,,PA_0045,,,,,,,,,,,,,,,,,,,,,,,,,2025-10-22
PA,regulator_with_placer,True,100.0,exact,addr:100|city:100|zip:100,RISE - Warminster,435 York Rd.,Warminster,18974,,RISE Cannabis,435 York Rd,Warminster,18974,40.2017936706543,-75.1003189086914,123230.0,4953.213289280245,24.87879943847656,RISE Cannabis,633415c5c0a23d43dd5c7656,8/10/21,8/10/21,Yes,,,,,PA_0046,,,,,,,,,,,,,,,,,,,,,,,,,2025-10-22
PA,regulator_with_placer,True,100.0,exact,addr:100|city:100|zip:100,Apothecarium Dispensary - Allentown,3340 Hamilton Blvd,Allentown,18103,,The Apothecarium Dispensary,3340 Hamilton Blvd,Allentown,18103,40.578006744384766,-75.5248031616211,122238.0,4912.944872574734,24.880800247192383,The Apothecarium Dispensary,6723702bd35a891b0b1d996b,6/22/19,6/22/19,Yes,,,,,PA_0047,,,,,,,,,,,,,,,,,,,,,,,,,2025-10-22
PA,regulator_with_placer,True,100.0,exact,addr:100|city:100|zip:100,Restore Integrative Wellness Center - Pottsto,1450 East High Street,Pottstown,19464,,Restore Integrative Wellness Center,1450 E High St,Pottstown,19464,40.24321365356445,-75.61761474609375,122081.0,4573.555326278527,26.692800521850582,Restore Integrative Wellness Center,617902d89fc6ff56e29d17f9,9/8/20,9/8/20,Yes,,,,,PA_0048,,,,,,,,,,,,,,,,,,,,,,,,,2025-10-22
PA,regulator_with_placer,True,94.0,fuzzy,addr:90|city:100|zip:100,Beyond Hello - Mt Pocono,3192 SR940 Suite 101,Mt Pocono,18344,,BEYOND / HELLO,3192 PA-940 Suite 101,Mt Pocono,18344,41.12005615234375,-75.3749008178711,121097.0,5053.625588196128,23.962400436401367,BEYOND / HELLO,628e1f814a12fa1077e4d16d,1/12/24,1/12/24,Yes,,,,,PA_0049,,,,,,,,,,,,,,,,,,,,,,,,,2025-10-22
PA,regulator_with_placer,True,100.0,exact,addr:100|city:100|zip:100,Restore Integrative Wellness Center - Elkins,8003 Old York Road,Elkins Park,19027,,Restore Integrative Wellness Center,8003 Old York Road,Elkins Park,19027,40.07542037963867,-75.12841796875,120744.0,5484.474594315017,22.015600204467773,Restore Integrative Wellness Center,617902d89fc6ff56e29d17f9,10/2/18,10/2/18,Yes,,,,,PA_0050,,,,,,,,,,,,,,,,,,,,,,,,,2025-10-22
PA,regulator_with_placer,True,100.0,exact,addr:100|city:100|zip:100,Sunnyside - Phoenixville,500 Kimberton Road,Phoenixville,19460,,Sunnyside,500 Kimberton Rd,Phoenixville,19460,40.12996673583984,-75.54715728759766,118419.0,3535.813918332651,33.49129867553711,Sunnyside,61ed699b873a701e0aea037b,4/6/18,4/6/18,Yes,,,,,PA_0051,,,,,,,,,,,,,,,,,,,,,,,,,2025-10-22
PA,regulator_with_placer,True,100.0,exact,addr:100|city:100|zip:100,RISE - Hermitage,2880 E. State Street,Hermitage,16148,,RISE Cannabis,2880 E State St,Hermitage,16148,41.23297882080078,-80.4574966430664,118200.0,4262.670014391217,27.72909927368164,RISE Cannabis,633415c5c0a23d43dd5c7656,9/19/19,9/19/19,Yes,,,,,PA_0052,,,,,,,,,,,,,,,,,,,,,,,,,2025-10-22
PA,regulator_with_placer,True,100.0,exact,addr:100|city:100|zip:100,Ascend Dispensary - Whitehall,2030 MacArthur Road,Whitehall,18052,,Ascend Cannabis,2030 Macarthur Rd,Whitehall,18052,40.63446807861328,-75.48757934570312,118025.0,5097.875724849403,23.15180015563965,Ascend Cannabis,63d03f601011db3834270ead,9/11/24,9/11/24,Yes,,,,,PA_0053,,,,,,,,,,,,,,,,,,,,,,,,,2025-10-22
PA,regulator_with_placer,True,92.0,fuzzy,addr:98|city:73|zip:100,Trulieve - Wilkes-Barre Township,1000 Wilkes-Barre Township Blvd,Wilkes-Barre,18702,,Trulieve,1000 Wilkes Barre Township Blvd,Wilkes-Barre Township,18702,41.223121643066406,-75.88257598876953,117910.0,4234.071450488756,27.847900390625,Trulieve,600018e779364106f1345643,7/9/24,7/9/24,Yes,,,,,PA_0054,,,,,,,,,,,,,,,,,,,,,,,,,2025-10-22
PA,regulator_with_placer,True,100.0,exact,addr:100|city:100|zip:100,Sunnyside - Erie,7851 Peach Street,Erie,16509,,Sunnyside,7851 Peach St,Erie,16509,42.051048278808594,-80.08197784423828,117408.0,11015.330494959357,10.658599853515623,Sunnyside,61ed699b873a701e0aea037b,2/1/23,2/1/23,Yes,,,,,PA_0055,,,,,,,,,,,,,,,,,,,,,,,,,2025-10-22
PA,regulator_with_placer,True,100.0,exact,addr:100|city:100|zip:100,Trulieve - Harrisburg,2500-2504 N 6th St,Harrisburg,17110,,Trulieve,2500-2504 N 6th St,Harrisburg,17110,40.28705978393555,-76.89408111572266,113432.0,2097.783894704442,54.07229995727539,Trulieve,600018e779364106f1345643,11/19/19,11/19/19,Yes,,,,,PA_0056,,,,,,,,,,,,,,,,,,,,,,,,,2025-10-22
PA,regulator_with_placer,True,100.0,exact,addr:100|city:100|zip:100,Organic Remedies - Bethel Park,5002 Library Road,Bethel Park,15102,,Organic Remedies Dispensary,5002 Library Rd,Bethel Park,15102,40.34194564819336,-80.02677154541016,110997.0,6608.734560503512,16.795499801635742,,,4/18/22,4/18/22,Yes,,,,,PA_0057,,,,,,,,,,,,,,,,,,,,,,,,,2025-10-22
PA,regulator_with_placer,True,100.0,exact,addr:100|city:100|zip:100,Ethos - Notheast Philadelphia,2467 Grant Avenue,Philadelphia,19114,,Ethos Dispensary - North East Philadelphia,2467 Grant Ave,Philadelphia,19114,40.08009338378906,-75.02554321289062,109904.0,3491.4432770082144,31.478099822998047,,,6/30/21,6/30/21,Yes,,,,,PA_0058,,,,,,,,,,,,,,,,,,,,,,,,,2025-10-22
PA,regulator_with_placer,True,100.0,exact,addr:100|city:100|zip:100,RISE - Chambersburg,1640 Orchard Drive,Chambersburg,17201,,RISE Cannabis,1640 Orchard Dr,Chambersburg,17201,39.91310501098633,-77.6658706665039,107739.0,3003.948138715959,35.86579895019531,RISE Cannabis,633415c5c0a23d43dd5c7656,6/8/20,6/8/20,Yes,,,,,PA_0059,,,,,,,,,,,,,,,,,,,,,,,,,2025-10-22
PA,regulator_with_placer,True,100.0,exact,addr:100|city:100|zip:100,Sunnyside - Lancaster,1866 Fruitville Pike,Lancaster,17601,,Sunnyside,1866 Fruitville Pike,Lancaster,17601,40.071895599365234,-76.3204574584961,107708.0,3907.8865524233497,27.56170082092285,Sunnyside,61ed699b873a701e0aea037b,3/7/18,3/7/18,Yes,,,,,PA_0060,,,,,,,,,,,,,,,,,,,,,,,,,2025-10-22
PA,regulator_with_placer,True,100.0,exact,addr:100|city:100|zip:100,Vytal Options - Kennett Square,716 W Baltimore Pike,Kennett Square,19348,,"Vytal Options Medical Marijuana Dispensary | Kennett Square, PA",716 W Baltimore Pike,Kennett Square,19348,39.84451675415039,-75.7235107421875,105965.0,4499.078493589343,23.552600860595703,,,10/17/22,10/17/22,Yes,,,,,PA_0061,,,,,,,,,,,,,,,,,,,,,,,,,2025-10-22
PA,regulator_with_placer,True,100.0,exact,addr:100|city:100|zip:100,Trulieve - Johnstown,339 Main Street,Johnstown,15901,,Trulieve,339 Main St,Johnstown,15901,40.32645797729492,-78.92032623291016,104470.0,4295.694394435618,24.319700241088867,Trulieve,600018e779364106f1345643,11/12/19,11/12/19,Yes,,,,,PA_0062,,,,,,,,,,,,,,,,,,,,,,,,,2025-10-22
PA,regulator_with_placer,True,100.0,exact,addr:100|city:100|zip:100,Verilife - Chester,"875 Upland Avenue, Unit 55",Chester,19013,,Verilife,875 Upland Ave Unit 55,Chester,19013,39.85821914672851,-75.37525177001953,104321.0,2904.9065391701715,35.9119987487793,Verilife,66b3d1fae1fdc11b8321b525,12/17/20,12/17/20,Yes,,,,,PA_0063,,,,,,,,,,,,,,,,,,,,,,,,,2025-10-22
PA,regulator_with_placer,True,100.0,exact,addr:100|city:100|zip:100,Trulieve - Scranton,340 S Washington Ave,Scranton,18505,,Trulieve,340 S Washington Ave,Scranton,18505,41.40449905395508,-75.66831970214844,104133.0,3740.825930331679,27.83690071105957,Trulieve,600018e779364106f1345643,10/17/19,10/17/19,Yes,,,,,PA_0064,,,,,,,,,,,,,,,,,,,,,,,,,2025-10-22
PA,regulator_with_placer,True,85.6,fuzzy,addr:76|city:100|zip:100,Trulieve - Limerick,451 W Ridge Pike Suite 461,Limerick,19468,,Trulieve,451 West Ridge Pike,Limerick,19468,40.231834411621094,-75.52931213378906,103754.0,4378.1753819063615,23.697999954223633,Trulieve,600018e779364106f1345643,5/19/23,5/19/23,Yes,,,,,PA_0065,,,,,,,,,,,,,,,,,,,,,,,,,2025-10-22
PA,regulator_with_placer,True,100.0,exact,addr:100|city:100|zip:100,Sunnyside - New Kensington,4 Kensington Square,New Kensington,15068,,Sunnyside,4 Kensington Square,New Kensington,15068,40.56303405761719,-79.76607513427734,103075.0,4060.996619830543,25.38170051574707,Sunnyside,61ed699b873a701e0aea037b,2/25/19,2/25/19,Yes,,,,,PA_0066,,,,,,,,,,,,,,,,,,,,,,,,,2025-10-22
PA,regulator_with_placer,True,98.2,fuzzy,addr:97|city:100|zip:100,Trulieve - Cranberry Township,20269 Route 19N,Cranberry Township,16066,,Trulieve,20269 Route 19 N,Cranberry Township,16066,40.68877410888672,-80.10328674316406,102251.0,4213.773296694314,24.265899658203125,Trulieve,600018e779364106f1345643,9/30/20,9/30/20,Yes,,,,,PA_0067,,,,,,,,,,,,,,,,,,,,,,,,,2025-10-22
PA,regulator_with_placer,True,100.0,exact,addr:100|city:100|zip:100,RISE - York,2139 White St.,York,17404,,RISE Cannabis,2139 White St,York,17404,39.96131896972656,-76.77468872070312,99821.0,8392.268882541965,11.894399642944336,RISE Cannabis,633415c5c0a23d43dd5c7656,2/28/25,2/28/25,Yes,,,,,PA_0068,,,,,,,,,,,,,,,,,,,,,,,,,2025-10-22
PA,regulator_with_placer,True,100.0,exact,addr:100|city:100|zip:100,Vytal Options - Lansdale,"850 S. Valley Forge Road, Suite P",Lansdale,19446,,Vytal Options Medical Marijuana Dispensary,850 S Valley Forge Rd Suite P,Lansdale,19446,40.24101638793945,-75.3037338256836,99127.0,5775.756733860146,17.162599563598633,,,3/29/21,3/29/21,Yes,,,,,PA_0069,,,,,,,,,,,,,,,,,,,,,,,,,2025-10-22
PA,regulator_with_placer,True,100.0,exact,addr:100|city:100|zip:100,Trulieve - Coatesville,1951 Lincoln Hwy E,Coatesville,19320,,Trulieve,1951 Lincoln Hwy E,Coatesville,19320,39.9896240234375,-75.78628540039062,98644.0,7453.830925234861,13.234000205993652,Trulieve,600018e779364106f1345643,6/2/22,6/2/22,Yes,,,,,PA_0070,,,,,,,,,,,,,,,,,,,,,,,,,2025-10-22
PA,regulator_with_placer,True,100.0,exact,addr:100|city:100|zip:100,Curaleaf - State College,1248 S. Atherton Street,State College,16801,,Curaleaf,1248 South Atherton Street,State College,16801,40.784061431884766,-77.84664916992188,96793.0,6561.74812138548,14.751099586486816,Curaleaf,60a391b56b7a694c7c956ebe,2/19/22,2/19/22,Yes,,,,,PA_0071,,,,,,,,,,,,,,,,,,,,,,,,,2025-10-22
PA,regulator_with_placer,True,97.0,fuzzy,addr:95|city:100|zip:100,Organic Remedies - Paoli,1538-40 E. Lancaster Ave,Paoli,19301,,Organic Remedies Dispensary,1538 E Lancaster Ave,Paoli,19301,40.04215240478515,-75.46601867675781,96762.0,5268.654272819722,18.3656005859375,,,2/7/22,2/7/22,Yes,,,,,PA_0072,,,,,,,,,,,,,,,,,,,,,,,,,2025-10-22
PA,regulator_with_placer,True,100.0,exact,addr:100|city:100|zip:100,Curaleaf - Allentown,1801 Airport Road,Allentown,18109,,Curaleaf,1801 Airport Rd,Allentown,18109,40.6378059387207,-75.43468475341797,96559.0,3471.297442059874,27.8164005279541,Curaleaf,60a391b56b7a694c7c956ebe,9/17/22,9/17/22,Yes,,,,,PA_0073,,,,,,,,,,,,,,,,,,,,,,,,,2025-10-22
PA,regulator_with_placer,True,100.0,exact,addr:100|city:100|zip:100,Liberty - Aliquippa,2320 Sheffield Rd,Aliquippa,15001,,Liberty Cannabis,2320 Sheffield Rd,Aliquippa,15001,40.60622787475586,-80.28251647949219,95879.0,4323.119144144996,22.178199768066406,Liberty Cannabis,643581a32fdf945086ecaecc,5/18/20,5/18/20,Yes,,,,,PA_0074,,,,,,,,,,,,,,,,,,,,,,,,,2025-10-22
PA,regulator_with_placer,True,96.4,fuzzy,addr:94|city:100|zip:100,Ascend Dispensary - Wayne,745 Lancaster Ave,Wayne,19087,,Ascend Cannabis,745 W Lancaster Ave,Wayne,19087,40.04784393310547,-75.40959930419922,95605.0,10081.087709259851,9.483599662780762,Ascend Cannabis,63d03f601011db3834270ead,11/19/22,11/19/22,Yes,,,,,PA_0075,,,,,,,,,,,,,,,,,,,,,,,,,2025-10-22
PA,regulator_with_placer,True,100.0,exact,addr:100|city:100|zip:100,Curaleaf - Horsham,255 Horsham Road,Horsham,19044,,Curaleaf,255 Horsham Rd,Horsham,19044,40.17954635620117,-75.13133239746094,93223.0,2898.121488223804,32.16669845581055,Curaleaf,60a391b56b7a694c7c956ebe,4/6/21,4/6/21,Yes,,,,,PA_0076,,,,,,,,,,,,,,,,,,,,,,,,,2025-10-22
PA,regulator_with_placer,True,100.0,exact,addr:100|city:100|zip:100,Columbia Care - Keyser Dispensary,1740 North Keyser Avenue,Scranton,18508,,Columbia Care Scranton Dispensary,1740 N Keyser Ave,Scranton,18508,41.443241119384766,-75.6688003540039,92945.0,5859.195220103614,15.863100051879885,,,4/16/18,4/16/18,Yes,,,,,PA_0077,,,,,,,,,,,,,,,,,,,,,,,,,2025-10-22
PA,regulator_with_placer,True,100.0,exact,addr:100|city:100|zip:100,Sunnyside - Gettysburg,1380 York Rd.,Gettysburg,17325,,Sunnyside,1380 York Rd,Gettysburg,17325,39.84666061401367,-77.19842529296875,91685.0,6210.037955772869,14.763999938964844,Sunnyside,61ed699b873a701e0aea037b,2/20/24,2/20/24,Yes,,,,,PA_0078,,,,,,,,,,,,,,,,,,,,,,,,,2025-10-22
PA,regulator_with_placer,True,100.0,exact,addr:100|city:100|zip:100,Ayr Wellness - Montgomeryville,801 Horsham Rd.,Montgomeryville,18936,,Ayr Wellness,801 Horsham Rd,Montgomeryville,18936,40.24771881103515,-75.24298095703125,91636.0,8140.429545782832,11.2568998336792,Ayr Wellness,61aca58b2812db3a0e8bd64e,11/12/21,11/12/21,Yes,,,,,PA_0079,,,,,,,,,,,,,,,,,,,,,,,,,2025-10-22
PA,regulator_with_placer,True,96.4,fuzzy,addr:94|city:100|zip:100,Verilife - Pottstown,"204 Shoemaker Rd., A",Pottstown,19464,,Verilife,204 Shoemaker Rd,Pottstown,19464,40.255611419677734,-75.6622314453125,90603.0,5719.633548057101,15.840700149536133,Verilife,66b3d1fae1fdc11b8321b525,12/4/21,12/4/21,Yes,,,,,PA_0080,,,,,,,,,,,,,,,,,,,,,,,,,2025-10-22
PA,regulator_with_placer,True,93.4,fuzzy,addr:89|city:100|zip:100,Vytal Options - State College,1653 North Atherton Street,State College,16803,,Ayr Wellness Medical Marijuana Dispensary State College,2105 N Atherton St,State College,16803,40.810115814208984,-77.90974426269531,89007.0,6189.337049696812,14.38070011138916,Ayr Wellness,61aca58b2812db3a0e8bd64e,10/31/22,10/31/22,Yes,,,,,PA_0081,,,,,,,,,,,,,,,,,,,,,,,,,2025-10-22
PA,regulator_with_placer,True,100.0,exact,addr:100|city:100|zip:100,Apothecarium Dispensary - Plymouth Meetin,420 Plymouth Road,Plymouth Meeting,19462,,The Apothecarium Dispensary,420 Plymouth Rd,Plymouth Meeting,19462,40.112449645996094,-75.28721618652344,88910.0,4265.90518660251,20.84200096130371,The Apothecarium Dispensary,6723702bd35a891b0b1d996b,5/4/18,5/4/18,Yes,,,,,PA_0082,,,,,,,,,,,,,,,,,,,,,,,,,2025-10-22
PA,regulator_with_placer,True,92.8,fuzzy,addr:88|city:100|zip:100,Beyond Hello - Bristol,2412-2414 Durham Road,Bristol,19007,,BEYOND / HELLO,2412 Durham Road,Bristol,19007,40.1317138671875,-74.88716125488281,88832.0,2310.229015970069,38.45159912109375,BEYOND / HELLO,628e1f814a12fa1077e4d16d,5/11/18,5/11/18,Yes,,,,,PA_0083,,,,,,,,,,,,,,,,,,,,,,,,,2025-10-22
PA,regulator_with_placer,True,100.0,exact,addr:100|city:100|zip:100,Zen Leaf - Abington,1752 Old York Rd,Abington,19001,,Zen Leaf,1752 Old York Rd,Abington,19001,40.1335563659668,-75.11605834960938,88303.0,9571.10357755018,9.22599983215332,Zen Leaf,6339460fbe9a4e5069dfcd70,1/23/24,1/23/24,Yes,,,,,PA_0084,,,,,,,,,,,,,,,,,,,,,,,,,2025-10-22
PA,regulator_with_placer,True,100.0,exact,addr:100|city:100|zip:100,Beyond Hello - West Chester,1261 West Chester Pike,West Chester,19382,,BEYOND / HELLO,1261 W Chester Pike,West Chester,19382,39.96816635131836,-75.5550537109375,87467.0,2592.5135279891792,33.73830032348633,BEYOND / HELLO,628e1f814a12fa1077e4d16d,12/18/19,12/18/19,Yes,,,,,PA_0085,,,,,,,,,,,,,,,,,,,,,,,,,2025-10-22
PA,regulator_with_placer,True,100.0,exact,addr:100|city:100|zip:100,Ayr Wellness - New Castle,809 Sampson Street,New Castle,16101,,Ayr Wellness,809 Sampson St,New Castle,16101,41.00983428955078,-80.36000061035156,87003.0,2634.6981312003127,33.02199935913086,Ayr Wellness,61aca58b2812db3a0e8bd64e,10/16/20,10/16/20,Yes,,,,,PA_0086,,,,,,,,,,,,,,,,,,,,,,,,,2025-10-22
PA,regulator_with_placer,True,100.0,exact,addr:100|city:100|zip:100,Restore Integrative Wellness Center - Yeadon,735 Church Lane,Yeadon,19050,,Restore Integrative Wellness Center,735 Church Ln,Yeadon,19050,39.93307113647461,-75.2497787475586,86456.0,3132.316312522329,27.601299285888672,Restore Integrative Wellness Center,617902d89fc6ff56e29d17f9,2/14/22,2/14/22,Yes,,,,,PA_0087,,,,,,,,,,,,,,,,,,,,,,,,,2025-10-22
PA,regulator_with_placer,True,94.6,fuzzy,addr:91|city:100|zip:100,Beyond Hello - Dickson City,832 Scranton Carbondale Highwa,Dickson City,18519,,BEYOND / HELLO,832 Scranton Carbondale Hwy,Dickson City,18519,41.46559524536133,-75.64707946777344,85908.0,12247.02797708495,7.014599800109863,BEYOND / HELLO,628e1f814a12fa1077e4d16d,11/8/22,11/8/22,Yes,,,,,PA_0088,,,,,,,,,,,,,,,,,,,,,,,,,2025-10-22
PA,regulator_with_placer,True,100.0,exact,addr:100|city:100|zip:100,Curaleaf,7891 Peach St.,Erie,16509,,Curaleaf,7891 Peach St,Erie,16509,42.050533294677734,-80.08158874511719,85711.0,6868.308666077205,12.47920036315918,Curaleaf,60a391b56b7a694c7c956ebe,3/8/22,3/8/22,Yes,,,,,PA_0089,,,,,,,,,,,,,,,,,,,,,,,,,2025-10-22
PA,regulator_with_placer,True,91.6,fuzzy,addr:86|city:100|zip:100,Trulieve - Philadelphia,1222-1226 Arch Street,Philadelphia,19107,,Trulieve,1222 Arch St,Philadelphia,19107,39.953895568847656,-75.16069030761719,80969.0,4601.086682169425,17.59779930114746,Trulieve,600018e779364106f1345643,1/8/22,1/8/22,Yes,,,,,PA_0090,,,,,,,,,,,,,,,,,,,,,,,,,2025-10-22
PA,regulator_with_placer,True,95.2,fuzzy,addr:92|city:100|zip:100,Restore Integrative Wellness Center - Philade,957-963 Frankford Avenue,Philadelphia,19125,,Restore Integrative Wellness Center,957 Frankford Ave,Philadelphia,19125,39.96568298339844,-75.13412475585938,79569.0,5788.05716953989,13.747099876403809,Restore Integrative Wellness Center,617902d89fc6ff56e29d17f9,5/30/18,5/30/18,Yes,,,,,PA_0091,,,,,,,,,,,,,,,,,,,,,,,,,2025-10-22
PA,regulator_with_placer,True,100.0,exact,addr:100|city:100|zip:100,Ayr Wellness - Gibsonia,112 Northtowne Sq,Gibsonia,15044,,Ayr Wellness,112 Northtowne Sq,Gibsonia,15044,40.63774871826172,-79.94049072265625,79157.0,8141.044231021604,9.723199844360352,Ayr Wellness,61aca58b2812db3a0e8bd64e,6/21/21,6/21/21,Yes,,,,,PA_0092,,,,,,,,,,,,,,,,,,,,,,,,,2025-10-22
PA,regulator_with_placer,True,100.0,exact,addr:100|city:100|zip:100,Verilife - State College,1820 S. Atherton Street,State College,16801,,Verilife,1820 S Atherton St,State College,16801,40.784637451171875,-77.83296203613281,76763.0,5769.441601776566,13.305100440979004,Verilife,66b3d1fae1fdc11b8321b525,4/23/22,4/23/22,Yes,,,,,PA_0093,,,,,,,,,,,,,,,,,,,,,,,,,2025-10-22
PA,regulator_with_placer,True,100.0,exact,addr:100|city:100|zip:100,Sunnyside - Somerset,250 Stoystown Rd,Somerset,15501,,Sunnyside,250 Stoystown Rd,Somerset,15501,40.011253356933594,-79.07485961914062,74857.0,7701.099981525583,9.72029972076416,Sunnyside,61ed699b873a701e0aea037b,6/28/23,6/28/23,Yes,,,,,PA_0094,,,,,,,,,,,,,,,,,,,,,,,,,2025-10-22
PA,regulator_with_placer,True,100.0,exact,addr:100|city:100|zip:100,Verilife - Quakertown,895 S. West End Blvd.,Quakertown,18951,,Verilife,895 S West End Blvd,Quakertown,18951,40.42174530029297,-75.34435272216797,73118.0,3100.6114279313033,23.58180046081543,Verilife,66b3d1fae1fdc11b8321b525,11/20/21,11/20/21,Yes,,,,,PA_0095,,,,,,,,,,,,,,,,,,,,,,,,,2025-10-22
PA,regulator_with_placer,True,100.0,exact,addr:100|city:100|zip:100,Liberty - Philadelphia,8900 Krewstown Road,Philadelphia,19115,,Liberty Cannabis,8900 Krewstown Road,Philadelphia,19115-4517,40.08298110961914,-75.04984283447266,72477.0,3688.002882166594,19.652099609375,Liberty Cannabis,643581a32fdf945086ecaecc,7/16/18,7/16/18,Yes,,,,,PA_0096,,,,,,,,,,,,,,,,,,,,,,,,,2025-10-22
PA,regulator_with_placer,True,93.4,fuzzy,addr:89|city:100|zip:100,Rise - Philadelphia,3903 Aramingo Ave,Philadelphia,19137,,RISE Cannabis,3903 Aramingo Ave #101,Philadelphia,19137,39.99782943725586,-75.08700561523438,71459.0,4192.200947626324,17.045700073242188,RISE Cannabis,633415c5c0a23d43dd5c7656,6/17/23,6/17/23,Yes,,,,,PA_0097,,,,,,,,,,,,,,,,,,,,,,,,,2025-10-22
PA,regulator_with_placer,True,100.0,exact,addr:100|city:100|zip:100,Beyond Hello - Stroudsburg,852 N. 9th St.,Stroudsburg,18360,,BEYOND / HELLO,852 N 9th St,Stroudsburg,18360,40.98978805541992,-75.21217346191406,70952.0,3263.676377431804,21.739900588989254,BEYOND / HELLO,628e1f814a12fa1077e4d16d,10/27/21,10/27/21,Yes,,,,,PA_0098,,,,,,,,,,,,,,,,,,,,,,,,,2025-10-22
PA,regulator_with_placer,True,100.0,exact,addr:100|city:100|zip:100,RISE - New Castle,2622 W. State Street,New Castle,16101,,RISE Cannabis,2622 W State St,New Castle,16101,41.01464080810547,-80.39978790283203,68775.0,9749.372956046393,7.054299831390381,RISE Cannabis,633415c5c0a23d43dd5c7656,12/17/19,12/17/19,Yes,,,,,PA_0099,,,,,,,,,,,,,,,,,,,,,,,,,2025-10-22
PA,regulator_with_placer,True,100.0,exact,addr:100|city:100|zip:100,Verilife - Shamokin,520 N. Shamokin Street,Shamokin,17872,,Verilife,520 N Shamokin St,Shamokin,17872,40.79179763793945,-76.55133056640625,68380.0,1778.492184386314,38.448299407958984,Verilife,66b3d1fae1fdc11b8321b525,8/3/20,8/3/20,Yes,,,,,PA_0100,,,,,,,,,,,,,,,,,,,,,,,,,2025-10-22
PA,regulator_with_placer,True,100.0,exact,addr:100|city:100|zip:100,Columbia Care - Wilkes-Barre,765 Kidder Street,Wilkes-Barre,18702,,Columbia Care Wilkes-Barre,765 Kidder St,Wilkes-Barre,18702,41.249908447265625,-75.84332275390625,68211.0,5082.3704252164935,13.421099662780762,,,12/3/18,12/3/18,Yes,,,,,PA_0101,,,,,,,,,,,,,,,,,,,,,,,,,2025-10-22
PA,regulator_with_placer,True,100.0,exact,addr:100|city:100|zip:100,Verilife - Plymouth Meeting,601 W. Germantown Pike,Plymouth Meeting,19462,,Verilife,601 W Germantown Pike,Plymouth Meeting,19462,40.117767333984375,-75.28665924072266,67269.0,4578.3650479858625,14.69279956817627,Verilife,66b3d1fae1fdc11b8321b525,11/6/21,11/6/21,Yes,,,,,PA_0102,,,,,,,,,,,,,,,,,,,,,,,,,2025-10-22
PA,regulator_with_placer,True,87.4,fuzzy,addr:79|city:100|zip:100,Trulieve - Zelienople,22095 Perry Highway Suite 301,Zelienople,16063,,Trulieve,22095 Perry Hwy #301,Zelienople,16063,40.75509262084961,-80.11793518066406,67248.0,4649.657651698207,14.463000297546388,Trulieve,600018e779364106f1345643,11/20/18,11/20/18,Yes,,,,,PA_0103,,,,,,,,,,,,,,,,,,,,,,,,,2025-10-22
PA,regulator_with_placer,True,100.0,exact,addr:100|city:100|zip:100,RISE - Mercer,225 Westside Square Drive,Mercer,16137,,RISE Cannabis,225 Westside Square Dr,Mercer,16137,41.141990661621094,-80.16100311279297,67140.0,2866.9640420591595,23.418500900268555,RISE Cannabis,633415c5c0a23d43dd5c7656,4/17/23,4/17/23,Yes,,,,,PA_0104,,,,,,,,,,,,,,,,,,,,,,,,,2025-10-22
PA,regulator_with_placer,True,96.4,fuzzy,addr:94|city:100|zip:100,Columbia Care - Allentown,3025 W Tilghman Street,Allentown,18104,,Columbia Care Allentown,3025 Tilghman St,Allentown,18104,40.59879302978515,-75.5255126953125,66940.0,3131.5494816715714,21.375999450683594,,,12/17/18,12/17/18,Yes,,,,,PA_0105,,,,,,,,,,,,,,,,,,,,,,,,,2025-10-22
PA,regulator_with_placer,True,88.0,fuzzy,addr:80|city:100|zip:100,Trulieve - York,"2300 E Market Street, Suite L",York,17402,,Trulieve,2300 E Market St,York,17402,39.972843170166016,-76.68098449707031,66357.0,2672.861682538958,24.826200485229492,Trulieve,600018e779364106f1345643,5/26/21,5/26/21,Yes,,,,,PA_0106,,,,,,,,,,,,,,,,,,,,,,,,,2025-10-22
PA,regulator_with_placer,True,100.0,exact,addr:100|city:100|zip:100,Sunnyside - Philadelphia,1221 Chestnut Street,Philadelphia,19107,,Sunnyside,1221 Chestnut St,Philadelphia,19107,39.9507942199707,-75.16106414794922,65429.0,6461.740627443793,10.12559986114502,Sunnyside,61ed699b873a701e0aea037b,6/21/21,6/21/21,Yes,,,,,PA_0107,,,,,,,,,,,,,,,,,,,,,,,,,2025-10-22
PA,regulator_with_placer,True,91.2,fuzzy,addr:92|city:84|zip:100,RISE - Cranberry Township,20808 Route 19,Cranberry Township,16066,,RISE Cannabis,20808 Rte 19,Cranberry Twp,16066,40.71489715576172,-80.1034164428711,64654.0,6254.256455701644,10.337599754333496,RISE Cannabis,633415c5c0a23d43dd5c7656,3/31/20,3/31/20,Yes,,,,,PA_0108,,,,,,,,,,,,,,,,,,,,,,,,,2025-10-22
PA,regulator_with_placer,True,100.0,exact,addr:100|city:100|zip:100,Ethos - Montgomeryville,921 Bethlehem Pike,Montgomeryville,18936,,Ethos Dispensary - Montgomeryville,921 Bethlehem Pike,Montgomeryville,18936,40.23435592651367,-75.23868560791016,64616.0,4292.195497434431,15.05430030822754,,,8/25/20,8/25/20,Yes,,,,,PA_0109,,,,,,,,,,,,,,,,,,,,,,,,,2025-10-22
PA,regulator_with_placer,True,97.0,fuzzy,addr:95|city:100|zip:100,Ascend Dispensary - Cranberry Township,20013 US-19,Cranberry Township,16066,,Ascend Cannabis,20013 U.s. 19,Cranberry Township,16066,40.675392150878906,-80.0996322631836,64418.0,6733.494920857932,9.566800117492676,Ascend Cannabis,63d03f601011db3834270ead,6/12/24,6/12/24,Yes,,,,,PA_0110,,,,,,,,,,,,,,,,,,,,,,,,,2025-10-22
PA,regulator_with_placer,True,100.0,exact,addr:100|city:100|zip:100,Zen Leaf - Altoona,590 W. Plank Road,Altoona,16602,,Zen Leaf,590 W Plank Rd,Altoona,16602,40.46895980834961,-78.40776062011719,63624.0,9569.101609796042,6.648900032043457,Zen Leaf,6339460fbe9a4e5069dfcd70,2/3/21,2/3/21,Yes,,,,,PA_0111,,,,,,,,,,,,,,,,,,,,,,,,,2025-10-22
PA,regulator_with_placer,True,100.0,exact,addr:100|city:100|zip:100,Sunnyside - Philadelphia,4502 City Avenue,Philadelphia,19131,,Sunnyside,4502 City Ave,Philadelphia,19131,40.00298309326172,-75.22154235839844,63314.0,2882.757450778932,21.96299934387207,Sunnyside,61ed699b873a701e0aea037b,11/2/18,11/2/18,Yes,,,,,PA_0112,,,,,,,,,,,,,,,,,,,,,,,,,2025-10-22
PA,regulator_with_placer,True,100.0,exact,addr:100|city:100|zip:100,Delta 9 Pittsburgh,211 52nd Street,Pittsburgh,15201,,Sunnyside,211 52nd St,Pittsburgh,15201,40.48102188110352,-79.95480346679688,62246.0,5661.24909087345,10.995100021362305,Sunnyside,61ed699b873a701e0aea037b,10/17/19,10/17/19,Yes,,,,,PA_0113,,,,,,,,,,,,,,,,,,,,,,,,,2025-10-22
PA,regulator_with_placer,True,100.0,exact,addr:100|city:100|zip:100,Trulieve - South Philadelphia,300 Packer Avenue,Philadelphia,19148,,Trulieve,300 Packer Ave,Philadelphia,19148,39.90763092041016,-75.15463256835938,60822.0,3559.235937202648,17.088499069213867,Trulieve,600018e779364106f1345643,7/26/19,7/26/19,Yes,,,,,PA_0114,,,,,,,,,,,,,,,,,,,,,,,,,2025-10-22
PA,regulator_with_placer,True,100.0,exact,addr:100|city:100|zip:100,Vytal Options - Fogelsville,7720 Main St.,Fogelsville,18051,,Vytal Options,7720 Main St,Fogelsville,18051,40.583099365234375,-75.62818145751953,60494.0,4407.705923153775,13.724599838256836,,,9/27/21,9/27/21,Yes,,,,,PA_0115,,,,,,,,,,,,,,,,,,,,,,,,,2025-10-22
PA,regulator_with_placer,True,96.4,fuzzy,addr:94|city:100|zip:100,Sunnyside - Ambler,28 West Skippack Pike,Ambler,19002,,Sunnyside,28 Skippack Pike,Ambler,19002,40.139034271240234,-75.24555969238281,59787.0,5372.084255684667,11.129199981689451,Sunnyside,61ed699b873a701e0aea037b,1/18/22,1/18/22,Yes,,,,,PA_0116,,,,,,,,,,,,,,,,,,,,,,,,,2025-10-22
PA,regulator_with_placer,True,100.0,exact,addr:100|city:100|zip:100,Zen Leaf - Monroeville,130 Mall Circle Drive,Monroeville,15146,,Zen Leaf,130 Mall Cir Dr,Monroeville,15146,40.43144226074219,-79.79386138916016,58804.0,8077.4722946811635,7.28000020980835,Zen Leaf,6339460fbe9a4e5069dfcd70,9/28/18,9/28/18,Yes,,,,,PA_0117,,,,,,,,,,,,,,,,,,,,,,,,,2025-10-22
PA,regulator_with_placer,True,89.8,fuzzy,addr:83|city:100|zip:100,Apothecarium Dispensary - Lancaster,"2405 Covered Bridge Dr, Suite 12",Lancaster,17602,,The Apothecarium Dispensary,2405 Covered Bridge Dr,Lancaster,17602,40.025447845458984,-76.20210266113281,58362.0,5275.565509967947,11.062700271606444,The Apothecarium Dispensary,6723702bd35a891b0b1d996b,4/13/20,4/13/20,Yes,,,,,PA_0118,,,,,,,,,,,,,,,,,,,,,,,,,2025-10-22
PA,regulator_with_placer,True,88.6,fuzzy,addr:81|city:100|zip:100,Restore Integrative Wellness Center - Doyles,"812 N Easton Road, Unit 6",Doylestown,18902,,Restore Dispensaries,812 N Easton Rd,Doylestown,18902,40.3327522277832,-75.12960815429688,57717.0,1824.8646304752804,31.62809944152832,,,10/14/19,10/14/19,Yes,,,,,PA_0119,,,,,,,,,,,,,,,,,,,,,,,,,2025-10-22
PA,regulator_with_placer,True,100.0,exact,addr:100|city:100|zip:100,Zen Leaf - Sellersville,64 N. Main Street,Sellersville,18960,,Zen Leaf,64 N Main St,Sellersville,18960,40.35821533203125,-75.3089828491211,56789.0,3069.742138615078,18.49959945678711,Zen Leaf,6339460fbe9a4e5069dfcd70,2/17/18,2/17/18,Yes,,,,,PA_0120,,,,,,,,,,,,,,,,,,,,,,,,,2025-10-22
PA,regulator_with_placer,True,100.0,exact,addr:100|city:100|zip:100,Liberty - Pittsburgh,3105 W Liberty Ave,Pittsburgh,15216,, Liberty Cannabis,3105 W Liberty Ave,Pittsburgh,15216,40.39104843139648,-80.03898620605469,56192.0,5788.275499974409,9.707900047302246,Liberty Cannabis,643581a32fdf945086ecaecc,11/18/22,11/18/22,Yes,,,,,PA_0121,,,,,,,,,,,,,,,,,,,,,,,,,2025-10-22
PA,regulator_with_placer,True,100.0,exact,addr:100|city:100|zip:100,Curaleaf - King of Prussia,100 N Warner Rd,King of Prussia,19406,,Curaleaf,100 N Warner Rd,King Of Prussia,19406,40.082725524902344,-75.4004898071289,56026.0,2302.2711885104018,24.335100173950195,Curaleaf,60a391b56b7a694c7c956ebe,7/22/19,7/22/19,Yes,,,,,PA_0122,,,,,,,,,,,,,,,,,,,,,,,,,2025-10-22
PA,regulator_with_placer,True,100.0,exact,addr:100|city:100|zip:100,Zen Leaf - Malvern,249 Planebrook Road,Malvern,19355,,Zen Leaf,249 Planebrook Rd,Malvern,19355,40.036033630371094,-75.57093811035156,55362.0,4280.876022336468,12.93239974975586,Zen Leaf,6339460fbe9a4e5069dfcd70,5/23/18,5/23/18,Yes,,,,,PA_0123,,,,,,,,,,,,,,,,,,,,,,,,,2025-10-22
PA,regulator_with_placer,True,100.0,exact,addr:100|city:100|zip:100,Sunnyside - Montgomery,721 Bethlehem Pike,Montgomeryville,18936,,Sunnyside,721 Bethlehem Pike,Montgomeryville,18936,40.24879455566406,-75.24434661865234,55185.0,4192.369516039568,13.163200378417969,Sunnyside,61ed699b873a701e0aea037b,5/1/21,5/1/21,Yes,,,,,PA_0124,,,,,,,,,,,,,,,,,,,,,,,,,2025-10-22
PA,regulator_with_placer,True,83.2,fuzzy,addr:97|city:100|zip:0,RISE - King of Prussia,445 West DeKalb Pike,King of Prussia,19706,,RISE Cannabis,445a W Dekalb Pike,King Of Prussia,19406,40.090476989746094,-75.37451171875,54210.0,4171.95751485568,12.993900299072266,RISE Cannabis,633415c5c0a23d43dd5c7656,11/26/19,11/26/19,Yes,,,,,PA_0125,,,,,,,,,,,,,,,,,,,,,,,,,2025-10-22
PA,regulator_with_placer,True,100.0,exact,addr:100|city:100|zip:100,Zen Leaf - West Chester (Chadd Ford),300 Oakland Rd.,West Chester,19382,,Zen Leaf,300 Oakland Rd,West Chester,19382,39.88642883300781,-75.55191802978516,53843.0,5147.16986620006,10.460700035095217,Zen Leaf,6339460fbe9a4e5069dfcd70,12/3/21,12/3/21,Yes,,,,,PA_0126,,,,,,,,,,,,,,,,,,,,,,,,,2025-10-22
PA,regulator_with_placer,True,100.0,exact,addr:100|city:100|zip:100,Sunnyside - Allegheny County,2116 Penn Avenue,Pittsburgh,15222,,Sunnyside,2116 Penn Ave,Pittsburgh,15222,40.45181655883789,-79.98249816894531,52180.0,6240.432511197541,8.361599922180176,Sunnyside,61ed699b873a701e0aea037b,6/26/18,6/26/18,Yes,,,,,PA_0127,,,,,,,,,,,,,,,,,,,,,,,,,2025-10-22
PA,regulator_with_placer,True,100.0,exact,addr:100|city:100|zip:100,Zen Leaf - New Kensington,215 Tarentum Bridge Road,New Kensington,15068,,Zen Leaf,215 Tarentum Bridge Rd,New Kensington,15068,40.591575622558594,-79.75202941894531,51560.0,2013.000909757655,25.613500595092773,Zen Leaf,6339460fbe9a4e5069dfcd70,9/7/22,9/7/22,Yes,,,,,PA_0128,,,,,,,,,,,,,,,,,,,,,,,,,2025-10-22
PA,regulator_with_placer,True,100.0,exact,addr:100|city:100|zip:100,Zen Leaf - Clifton Heights,5321 West Baltimore pike,Clifton Heights,19018,,Zen Leaf,5321 W Baltimore Pike,Clifton Heights,19018,39.92558670043945,-75.3097152709961,50786.0,6820.2082712264855,7.446400165557861,Zen Leaf,6339460fbe9a4e5069dfcd70,2/15/23,2/15/23,Yes,,,,,PA_0129,,,,,,,,,,,,,,,,,,,,,,,,,2025-10-22
PA,regulator_with_placer,True,100.0,exact,addr:100|city:100|zip:100,Ayr Wellness - Plymouth Meeting,505 W Germantown Pike,Plymouth Meeting,19462,,Ayr Wellness,505 W Germantown Pike,Plymouth Meeting,19462,40.115478515625,-75.28618621826172,50636.0,3485.119717071974,14.529199600219728,Ayr Wellness,61aca58b2812db3a0e8bd64e,2/26/21,2/26/21,Yes,,,,,PA_0130,,,,,,,,,,,,,,,,,,,,,,,,,2025-10-22
PA,regulator_with_placer,True,86.8,fuzzy,addr:78|city:100|zip:100,Liberty - Norristown,2030 West Main Street,Norristown,19403,,Liberty Cannabis,2030 W Main St Unit #11,Norristown,19403,40.133174896240234,-75.38032531738281,48536.0,3206.278277245061,15.137800216674805,Liberty Cannabis,643581a32fdf945086ecaecc,7/9/18,7/9/18,Yes,,,,,PA_0131,,,,,,,,,,,,,,,,,,,,,,,,,2025-10-22
PA,regulator_with_placer,True,100.0,exact,addr:100|city:100|zip:100,Curaleaf - Philadelphia,5058 City Avenue,Philadelphia,19131,,Curaleaf,5058 City Ave,Philadelphia,19131,39.99822616577149,-75.23173522949219,47837.0,3519.5226900661937,13.591899871826172,Curaleaf,60a391b56b7a694c7c956ebe,4/6/21,4/6/21,Yes,,,,,PA_0132,,,,,,,,,,,,,,,,,,,,,,,,,2025-10-22
PA,regulator_with_placer,True,100.0,exact,addr:100|city:100|zip:100,Beyond Hello - Pittsburgh,2009 East Carson St,Pittsburgh,15203,,BEYOND / HELLO,2009 E Carson St,Pittsburgh,15203,40.42885208129883,-79.97715759277344,47439.0,5693.112829813759,8.3326997756958,BEYOND / HELLO,628e1f814a12fa1077e4d16d,12/15/21,12/15/21,Yes,,,,,PA_0133,,,,,,,,,,,,,,,,,,,,,,,,,2025-10-22
PA,regulator_with_placer,True,100.0,exact,addr:100|city:100|zip:100,Ayr Wellness - Bryn Mawr,712 Lancaster Ave,Bryn Mawr,19010,,Ayr Wellness Medical Marijuana Dispensary Bryn Mawr,712 Lancaster Ave,Bryn Mawr,19010,40.01926040649414,-75.31429290771484,47008.0,2464.248242481641,19.076000213623047,Ayr Wellness,61aca58b2812db3a0e8bd64e,12/31/21,12/31/21,Yes,,,,,PA_0134,,,,,,,,,,,,,,,,,,,,,,,,,2025-10-22
PA,regulator_with_placer,True,95.2,fuzzy,addr:92|city:100|zip:100,Maitri Medicinals - Uniontown,27-31 West Main Street,Uniontown,15401,,Maitri Medicinals Medical Marijuana Dispensary,27 W Main St,Uniontown,15401,39.90085983276367,-79.72639465332031,46249.0,10089.223142204924,4.584000110626221,,,9/4/18,9/4/18,Yes,,,,,PA_0135,,,,,,,,,,,,,,,,,,,,,,,,,2025-10-22
PA,regulator_with_placer,True,91.8,fuzzy,addr:93|city:84|zip:100,Liberty - Cranberry,"900 Commonwealth Drive, Suite",Cranberry Township,16066,,Liberty Cannabis,900 Commonwealth Dr Suite 500,Cranberry Twp,16066,40.683197021484375,-80.1116714477539,45491.0,3278.2761917492553,13.876500129699709,Liberty Cannabis,643581a32fdf945086ecaecc,4/6/21,4/15/21,Yes,,,,,PA_0136,,,,,,,,,,,,,,,,,,,,,,,,,2025-10-22
PA,regulator_with_placer,True,100.0,exact,addr:100|city:100|zip:100,Zen Leaf - Washington,799 West Chestnut Street,Washington,15301,,Zen Leaf,799 W Chestnut St,Washington,15301,40.16923141479492,-80.26264190673828,44587.0,3724.6776727150936,11.97070026397705,Zen Leaf,6339460fbe9a4e5069dfcd70,6/28/18,6/28/18,Yes,,,,,PA_0137,,,,,,,,,,,,,,,,,,,,,,,,,2025-10-22
PA,regulator_with_placer,True,88.0,fuzzy,addr:80|city:100|zip:100,Beyond Hello - Bethlehem,"3679 Route 378, Unit 10",Bethlehem,18015,,BEYOND / HELLO,3679 PA-378 Unit 10,Bethlehem,18015,40.58536148071289,-75.38562774658203,43822.0,4150.203611769383,10.559000015258787,BEYOND / HELLO,628e1f814a12fa1077e4d16d,11/6/19,11/6/19,Yes,,,,,PA_0138,,,,,,,,,,,,,,,,,,,,,,,,,2025-10-22
PA,regulator_with_placer,True,98.2,fuzzy,addr:97|city:100|zip:100,Fluent Care - Mechanicburg,6200 Carlise Pike,Mechanicsburg,17050,,FLUENT Cannabis Care,6200 Carlisle Pike,Mechanicsburg,17050,40.24397659301758,-76.99561309814453,43353.0,3760.6043820938016,11.528200149536133,FLUENT Cannabis Care,61ed5ba8873a7018afea0377,8/19/21,8/19/21,Yes,,,,,PA_0139,,,,,,,,,,,,,,,,,,,,,,,,,2025-10-22
PA,regulator_with_placer,True,100.0,exact,addr:100|city:100|zip:100,Sunnyside - Greensburg,305 East Pittsburgh Street,Greensburg,15601,,Delta 9 PA Medical Marijuana Dispensary - Greensburg,305 E Pittsburgh St,Greensburg,15601,40.303462982177734,-79.5376205444336,35874.0,4006.11977863611,8.95479965209961,,,12/20/18,12/20/18,Yes,,,,,PA_0140,,,,,,,,,,,,,,,,,,,,,,,,,2025-10-22
PA,regulator_with_placer,True,97.6,fuzzy,addr:96|city:100|zip:100,Hive - Shamokin Dam,2625 North Susquehanna Trail,Shamokin Dam,17876,,Hive Dispensary,2625 N Susquehanna Trl,Shamokin Dam,17876,40.84258270263672,-76.82736206054688,35708.0,4385.493229887723,8.14229965209961,,,4/20/24,4/20/24,Yes,,,,,PA_0141,,,,,,,,,,,,,,,,,,,,,,,,,2025-10-22
PA,regulator_with_placer,True,94.0,fuzzy,addr:90|city:100|zip:100,Trulieve - Philadelphia,501-505 S. Broad St.,Philadelphia,19147,,Trulieve,501 S Broad St,Philadelphia,19147,39.9444694519043,-75.16484069824219,35691.0,2487.888598147442,14.34589958190918,Trulieve,600018e779364106f1345643,8/19/21,8/19/21,Yes,,,,,PA_0142,,,,,,,,,,,,,,,,,,,,,,,,,2025-10-22
PA,regulator_with_placer,True,100.0,exact,addr:100|city:100|zip:100,Zen Leaf - Norristown,436 Egypt Rd.,Norristown,19403,,Zen Leaf,436 Egypt Rd,Norristown,19403,40.13060760498047,-75.4000473022461,32847.0,5264.617161414251,6.239200115203857,Zen Leaf,6339460fbe9a4e5069dfcd70,2/13/24,2/13/24,Yes,,,,,PA_0143,,,,,,,,,,,,,,,,,,,,,,,,,2025-10-22
PA,regulator_with_placer,True,100.0,exact,addr:100|city:100|zip:100,Zen Leaf - Philadelphia,2504 Welsh Road,Philadelphia,19152,,Zen Leaf,2504 Welsh Rd,Philadelphia,19152,40.07310104370117,-75.03521728515625,32622.0,5238.798580530802,6.2270002365112305,Zen Leaf,6339460fbe9a4e5069dfcd70,7/21/21,7/21/21,Yes,,,,,PA_0144,,,,,,,,,,,,,,,,,,,,,,,,,2025-10-22
PA,regulator_with_placer,True,100.0,exact,addr:100|city:100|zip:100,Zen Leaf - Harrisburg,137 S. 17th Street,Harrisburg,17104,,Zen Leaf,137 S 17th St,Harrisburg,17104,40.26517105102539,-76.86354064941406,30567.0,3061.199944299835,9.985300064086914,Zen Leaf,6339460fbe9a4e5069dfcd70,12/2/20,12/2/20,Yes,,,,,PA_0145,,,,,,,,,,,,,,,,,,,,,,,,,2025-10-22
PA,regulator_with_placer,True,100.0,exact,addr:100|city:100|zip:100,Hive - Williamsport,1490 High Street,Williamsport,17701,,Hive Dispensary,1490 High St,Williamsport,17701,41.244598388671875,-77.03631591796875,30356.0,3698.748682976348,8.207099914550781,,,7/6/18,7/6/18,Yes,,,,,PA_0146,,,,,,,,,,,,,,,,,,,,,,,,,2025-10-22
PA,regulator_with_placer,True,92.8,fuzzy,addr:88|city:100|zip:100,Zen Leaf - Fairless Hills,203 Lincoln Highway,Fairless Hills,19030,,Zen Leaf,203 Lincoln Hwy,Fairless Hills,19030,40.184791564941406,-74.85627746582031,29945.0,3271.533399334391,9.153200149536133,Zen Leaf,6339460fbe9a4e5069dfcd70,7/15/24,7/15/24,Yes,,,,,PA_0147,,,,,,,,,,,,,,,,,,,,,,,,,2025-10-22
PA,regulator_with_placer,True,96.4,fuzzy,addr:94|city:100|zip:100,Curaleaf - Wayne,707 West Lancaster Ave,Wayne,19087,,Curaleaf,707 Lancaster Ave,Wayne,19087,40.047359466552734,-75.4079818725586,27408.0,3761.6832510921586,7.286099910736084,Curaleaf,60a391b56b7a694c7c956ebe,1/18/22,1/18/22,Yes,,,,,PA_0148,,,,,,,,,,,,,,,,,,,,,,,,,2025-10-22
PA,regulator_with_placer,True,90.4,fuzzy,addr:84|city:100|zip:100,Bloc Dispensary - Bethlehem,3650 Nazareth Pike,Bethlehem,18020,,Bloc Dispensary Bethlehem,3650 Nazareth Pike Unit 1,Bethlehem,18020,40.67106246948242,-75.34590911865234,25502.0,3464.710344273131,7.360499858856201,Bloc Dispensary,65fdeb7e276e752848fe631f,4/29/21,4/29/21,Yes,,,,,PA_0149,,,,,,,,,,,,,,,,,,,,,,,,,2025-10-22
PA,regulator_with_placer,True,100.0,exact,addr:100|city:100|zip:100,Ethos - Fayette (Pittsburg),470 Home Drive,Pittsburgh,15275,,Ethos Cannabis Dispensary - Pittsburgh West at North Fayette,470 Home Dr,Pittsburgh,15275,40.4511833190918,-80.18345642089844,16113.0,3048.3559840456483,5.285799980163574,,,11/24/20,11/24/20,Yes,,,,,PA_0150,,,,,,,,,,,,,,,,,,,,,,,,,2025-10-22
PA,regulator_only,False,,,,RISE - Erie,2108 W. 8th Street,Erie,16505,,,,,,,,,,,,,4/18/18,4/18/18,Yes,,,,,PA_0151,,,,,,,,,,,,,,,,,,,,,,,,,2025-10-22
PA,regulator_only,False,,,,Trulieve - King of Prussia,102 Hansen Access Road,King of Prussia,19406,,,,,,,,,,,,,5/2/18,5/2/18,Yes,,,,,PA_0152,,,,,,,,,,,,,,,,,,,,,,,,,2025-10-22
PA,regulator_only,False,,,,Curaleaf  Gettysburg,19 Baltimore Street,Gettysburg,17325,,,,,,,,,,,,,8/7/18,8/7/18,Yes,,,,,PA_0153,,,,,,,,,,,,,,,,,,,,,,,,,2025-10-22
PA,regulator_only,False,,,,Curaleaf - Philadelphia,1125-1127 Passyunk Avenue,Philadelphia,19147,,,,,,,,,,,,,11/2/18,11/2/18,Yes,,,,,PA_0154,,,,,,,,,,,,,,,,,,,,,,,,,2025-10-22
PA,regulator_only,False,,,,Liberty - Bensalem,4201 Neshaminy Blvd Unit 101,Bensalem,19020,,,,,,,,,,,,,11/9/18,11/9/18,Yes,,,,,PA_0155,,,,,,,,,,,,,,,,,,,,,,,,,2025-10-22
PA,regulator_only,False,,,,Beyond Hello - Philadelphia,1206 Sansom Street,Philadelphia,19107,,,,,,,,,,,,,1/24/19,1/24/19,Yes,,,,,PA_0156,,,,,,,,,,,,,,,,,,,,,,,,,2025-10-22
PA,regulator_only,False,,,,Maitri Medicinals - Pittsburgh,5845 Centre Ave,Pittsburgh,15206,,,,,,,,,,,,,1/24/19,1/24/19,Yes,,,,,PA_0157,,,,,,,,,,,,,,,,,,,,,,,,,2025-10-22
PA,regulator_only,False,,,,Curaleaf - Bradford,109 Main Street,Bradford,16701,,,,,,,,,,,,,5/13/19,5/13/19,Yes,,,,,PA_0158,,,,,,,,,,,,,,,,,,,,,,,,,2025-10-22
PA,regulator_only,False,,,,Curaleaf - Lebanon,815 Cumberland Street,Lebanon,17042,,,,,,,,,,,,,7/10/19,7/10/19,Yes,,,,,PA_0159,,,,,,,,,,,,,,,,,,,,,,,,,2025-10-22
PA,regulator_only,False,,,,Beyond Hello - Johnstown,416 Main Street,Johnstown,15901,,,,,,,,,,,,,7/30/19,7/30/19,Yes,,,,,PA_0160,,,,,,,,,,,,,,,,,,,,,,,,,2025-10-22
PA,regulator_only,False,,,,Curaleaf - Brookville,240 W Main Street,Brookville,15825,,,,,,,,,,,,,8/21/19,8/21/19,Yes,,,,,PA_0161,,,,,,,,,,,,,,,,,,,,,,,,,2025-10-22
PA,regulator_only,False,,,,Beyond Hello - Northern Liberties Philadelphi,475 N 5th Street,Philadelphia,19123,,,,,,,,,,,,,8/26/19,8/26/19,Yes,,,,,PA_0162,,,,,,,,,,,,,,,,,,,,,,,,,2025-10-22
PA,regulator_only,False,,,,Organic Remedies - York,1098 Haines Road,York,17402,,,,,,,,,,,,,10/24/19,10/24/19,Yes,,,,,PA_0163,,,,,,,,,,,,,,,,,,,,,,,,,2025-10-22
PA,regulator_only,False,,,,Zen Leaf - Cranberry Township,270 executive drive,Cranberry Township,16066,,,,,,,,,,,,,3/12/20,3/12/20,Yes,,,,,PA_0164,,,,,,,,,,,,,,,,,,,,,,,,,2025-10-22
PA,regulator_only,False,,,,Beyond Hello - Ardmore,39 Cricket Ave,Ardmore,19003,,,,,,,,,,,,,6/1/20,6/1/20,Yes,,,,,PA_0165,,,,,,,,,,,,,,,,,,,,,,,,,2025-10-22
PA,regulator_only,False,,,,Vytal Options - Lancaster,39 E Chestnut Street,Lancaster,17602,,,,,,,,,,,,,10/1/20,10/1/20,Yes,,,,,PA_0166,,,,,,,,,,,,,,,,,,,,,,,,,2025-10-22
PA,regulator_only,False,,,,Ethos - Wilkes Barre,326 Bear Creek Commons,Wilkes-Barre,18702,,,,,,,,,,,,,10/21/20,10/21/20,Yes,,,,,PA_0167,,,,,,,,,,,,,,,,,,,,,,,,,2025-10-22
PA,regulator_only,False,,,,RISE - Monroeville,3838 William Penn Highway,Monroeville,15146,,,,,,,,,,,,,10/21/20,10/21/20,Yes,,,,,PA_0168,,,,,,,,,,,,,,,,,,,,,,,,,2025-10-22
PA,regulator_only,False,,,,Beyond/Hello - Easton,3812 Easton Nazareth Highway,Easton,18045,,,,,,,,,,,,,6/11/21,6/11/21,Yes,,,,,PA_0169,,,,,,,,,,,,,,,,,,,,,,,,,2025-10-22
PA,regulator_only,False,,,,Zen Leaf - Robinson,6300 Robinson Center Dr.,Robinson,15205,,,,,,,,,,,,,7/29/21,7/29/21,Yes,,,,,PA_0170,,,,,,,,,,,,,,,,,,,,,,,,,2025-10-22
PA,regulator_only,False,,,,Beyond Hello - Philadelphia,3519 Lancaster Ave.,Philadelphia,19104,,,,,,,,,,,,,8/31/21,8/31/21,Yes,,,,,PA_0171,,,,,,,,,,,,,,,,,,,,,,,,,2025-10-22
PA,regulator_only,False,,,,Trulieve - Pittsburgh,200 Federal St.,Pittsburgh,15212,,,,,,,,,,,,,10/21/21,10/21/21,Yes,,,,,PA_0172,,,,,,,,,,,,,,,,,,,,,,,,,2025-10-22
PA,regulator_only,False,,,,Beyond Hello - Pottsville,101 N. Centre St.,Pottsville,17901,,,,,,,,,,,,,12/20/21,12/20/21,Yes,,,,,PA_0173,,,,,,,,,,,,,,,,,,,,,,,,,2025-10-22
PA,regulator_only,False,,,,Curaleaf - Greenburg,5133 US 30,Greensburg,15601,,,,,,,,,,,,,1/14/22,1/14/22,Yes,,,,,PA_0174,,,,,,,,,,,,,,,,,,,,,,,,,2025-10-22
PA,regulator_only,False,,,,Zen Leaf - Wynnewood,257 E. Lancaster Ave,Wynnewood,19096,,,,,,,,,,,,,6/1/22,6/1/22,Yes,,,,,PA_0175,,,,,,,,,,,,,,,,,,,,,,,,,2025-10-22
PA,regulator_only,False,,,,Verilfe - Philadelphia,1300 S Christopher Columbus Bl,Philadelphia,19147,,,,,,,,,,,,,2/23/24,2/23/24,Yes,,,,,PA_0176,,,,,,,,,,,,,,,,,,,,,,,,,2025-10-22
PA,regulator_only,False,,,,Terrapin Care Station - Bellefonte,205 Park Place,Bellefonte,16823,,,,,,,,,,,,,1/6/25,1/6/25,Yes,,,,,PA_0177,,,,,,,,,,,,,,,,,,,,,,,,,2025-10-22
PA,regulator_only,False,,,,Trulieve - Lancaster,1603 Manheim Pike #1651,Lancaster,17601,,,,,,,,,,,,,1/21/25,1/21/25,Yes,,,,,PA_0178,,,,,,,,,,,,,,,,,,,,,,,,,2025-10-22
PA,regulator_only,False,,,,RISE - Mechanicsburg,5202 Simpson Ferry Rd. Ste. 108,Mechanicsburg,17050,,,,,,,,,,,,,2/14/25,2/14/25,Yes,,,,,PA_0179,,,,,,,,,,,,,,,,,,,,,,,,,2025-10-22
PA,regulator_only,False,,,,Standard Farms - Wyomissing,2800 State Hill Rd.,Wyomissing,19610,,,,,,,,,,,,,2/14/25,2/14/25,Yes,,,,,PA_0180,,,,,,,,,,,,,,,,,,,,,,,,,2025-10-22
PA,regulator_only,False,,,,Terrapin Care Station - Lewisburg,400 International Dr.,Lewisburg,17837,,,,,,,,,,,,,2/17/25,2/17/25,Yes,,,,,PA_0181,,,,,,,,,,,,,,,,,,,,,,,,,2025-10-22
PA,regulator_only,False,,,,Beyond Hello - Linwood,2400 Market St.,Linwood,19014,,,,,,,,,,,,,2/24/25,2/24/25,Yes,,,,,PA_0182,,,,,,,,,,,,,,,,,,,,,,,,,2025-10-22
PA,regulator_only,False,,,,RISE - Monroeville,3841 William Penn Highway,Monroeville,15146,,,,,,,,,,,,,3/28/25,3/28/25,Yes,,,,,PA_0183,,,,,,,,,,,,,,,,,,,,,,,,,2025-10-22
PA,regulator_only,False,,,,Terrapin Care Station - Lock Haven,209 Woodward Ave.,Lock Haven,17745,,,,,,,,,,,,,4/14/25,4/14/25,Yes,,,,,PA_0184,,,,,,,,,,,,,,,,,,,,,,,,,2025-10-22
PA,regulator_only,False,,,,Hive- State College,1612 N. Atherton St,State College,16802,,,,,,,,,,,,,4/28/25,4/28/25,Yes,,,,,PA_0185,,,,,,,,,,,,,,,,,,,,,,,,,2025-10-22
PA,regulator_only,False,,,,Local Leaf by Penn Health Group,109 Crossroads Rd,Scottsdale,15683,,,,,,,,,,,,,5/3/25,5/9/25,Yes,,,,,PA_0186,,,,,,,,,,,,,,,,,,,,,,,,,2025-10-22
PA,regulator_only,False,,,,Keystone ReLeaf,1600 Cumberland Street,Lebanon,17042,,,,,,,,,,,,,5/30/25,5/30/25,Yes,,,,,PA_0187,,,,,,,,,,,,,,,,,,,,,,,,,2025-10-22
PA,regulator_only,False,,,,Keystone Integrated Care,2634 Darlington Road,Beaver Falls,15010,,,,,,,,,,,,,5/28/25,5/28/25,Yes,,,,,PA_0188,,,,,,,,,,,,,,,,,,,,,,,,,2025-10-22
PA,regulator_only,False,,,,MariMart - Hanging Gardens,865 US-22 West,Blairsville,15717,,,,,,,,,,,,,8/15/25,8/19/25,Yes,,,,,PA_0189,,,,,,,,,,,,,,,,,,,,,,,,,2025-10-22
PA,regulator_only,False,,,,Maitri Medicinals - New Stanton,100 Bair Blvd,New Stanton,15672,,,,,,,,,,,,,10/11/25,10/11/25,Yes,,,,,PA_0190,,,,,,,,,,,,,,,,,,,,,,,,,2025-10-22
PA,act63_provisional,False,,,,Terrapin Care Station,205 Park Place,Bellefonte,16823,Centre,,,,,,,,,,,,,,,"Terrapin Investment Fund I, LLC",IN01-4001-D,Northcentral,Provisional,PA_0191,,,,,,,,,,,,,,,,,,,,,,,,,2025-10-22
PA,act63_provisional,False,,,,Terrapin Care Station,400 International Drive,Lewisburg,17837,Union,,,,,,,,,,,,,,,"Terrapin Investment Fund I, LLC",IN01-4001-D,Northcentral,Provisional,PA_0192,,,,,,,,,,,,,,,,,,,,,,,,,2025-10-22
PA,act63_provisional,False,,,,Penn Health Group,109 Crossroads Rd,Scottdale,15683,Fayette,,,,,,,,,,,,,,,"PennAlt Organics, Inc.",IN02-5001-D,Northeast,Provisional,PA_0193,,,,,,,,,,,,,,,,,,,,,,,,,2025-10-22
PA,act63_provisional,False,,,,Standard Farms,2800 State Hill Rd.,Wyomissing,19610,Berks,,,,,,,,,,,,,,,"Standard Farms, LLC",IN03-1001-D,Southeast,Provisional,PA_0194,,,,,,,,,,,,,,,,,,,,,,,,,2025-10-22
PA,act63_provisional,False,,,,FarmaceuticalRX LLC,120 McKee Place,Pittsburgh,16121,Allegheny,,,,,,,,,,,,,,,"Farmaceutical RX, LLC",IN04-5002-D,Southwest,Provisional,PA_0195,,,,,,,,,,,,,,,,,,,,,,,,,2025-10-22
PA,act63_provisional,False,,,,The Botanist,233 Morton Avenue,Folsom,19033,Delaware,,,,,,,,,,,,,,,"Prime Wellness of Pennsylvania, LLC",IN05-1002-D,Southeast,Provisional,PA_0196,,,,,,,,,,,,,,,,,,,,,,,,,2025-10-22
PA,act63_provisional,False,,,,Power Plant Medicinal,31 Pottstown Pike,Chester Springs,19425,Chester,,,,,,,,,,,,,,,"Power Plant Medicinal, Inc.",IN06-1003-D,Southeast,Provisional,PA_0197,,,,,,,,,,,,,,,,,,,,,,,,,2025-10-22
PA,act63_provisional,False,,,,"Whole Plants Health, LLC",1600 Cochran Road,Pittsburgh,15220,Allegheny,,,,,,,,,,,,,,,Whole Plants LLC,IN07-5003-D,Southwest,Provisional,PA_0198,,,,,,,,,,,,,,,,,,,,,,,,,2025-10-22
PA,act63_provisional,False,,,,Calypso Enterprise LLC,800 Lititz Pike,Lititz,17543,Lancaster,,,,,,,,,,,,,,,"Calypso Enterprises, LLC",IN09-3002-D,Southcentral,Provisional,PA_0199,,,,,,,,,,,,,,,,,,,,,,,,,2025-10-22
PA,act63_provisional,False,,,,Hanging Gardens LLC,855 US. Route 22,Blairsville,15717,Indiana,,,,,,,,,,,,,,,Hanging Gardens LLC,IN10-5004-D,Southwest,Provisional,PA_0200,,,,,,,,,,,,,,,,,,,,,,,,,2025-10-22
PA,act63_provisional,False,,,,N/A,3511 West Chester Pike,Newtown Square,19073,Delaware,,,,,,,,,,,,,,,Insa LLC,IN12-1001-D,Southeast,Provisional,PA_0201,,,,,,,,,,,,,,,,,,,,,,,,,2025-10-22
